lat,lon,date,mp_measurement,sar_image_date,VV_backscatter,roughness_proxy,wind_speed,has_vh_polarization,VH_backscatter,VV_VH_ratio,cross_pol_ratio,chlorophyll_a,sst,ocean_current_speed
1.420494,-48.156708,2018-10-19,2.565,2018-10-20,-17.545061485179655,17.545061485179655,,True,-36.87781059503776,0.4948924827745669,2.134677011845615,0.5749177330732346,28.205017585754398,
21.831646,113.6262,2018-08-09,2.079,2018-08-10,-18.1990116963561,18.1990116963561,,True,-37.90010936658161,0.4978433353665123,2.109570801153026,3.4663125486934887,30.3698439504586,
21.935833,113.791195,2018-08-08,2.053,2018-08-10,-19.797838893561423,19.797838893561423,,True,-36.24452503172832,0.5720424232698955,1.858387171213558,4.785646279652913,29.968720753987636,
21.982733,113.650735,2018-08-09,2.053,2018-08-10,-18.99071606396481,18.99071606396481,,True,-36.391663735230296,0.5416086239914258,1.9505623039830664,14.63536950891668,30.33559053594416,
2.1607,-48.502419,2018-10-19,1.938,2018-10-20,-19.2403392781064,19.2403392781064,,True,-36.996307541744976,0.5416610888963942,1.9494230862775928,0.2770929932594299,28.298500958610983,
21.697902,113.008468,2018-08-11,1.848,2018-08-10,-15.370245366853457,15.370245366853457,,True,-34.65803455207184,0.467217109136715,2.2978186186876943,5.264738294813368,30.92401158368146,
-0.665939,-48.105125,2018-10-20,1.463,2018-10-20,-15.524619153594848,15.524619153594848,5.663316455290751,True,-32.83068784164293,0.4956248815295209,2.150643292152587,19.81839179992676,28.85700035095215,
1.918331,-48.386794,2018-10-19,1.368,2018-10-20,-17.950471305322633,17.950471305322633,,True,-37.35152246540273,0.4978148116386173,2.1096320581823016,0.4158430993556976,28.30099868774414,
2.413072,-48.616536,2018-10-19,1.311,2018-10-20,-19.94486061216292,19.94486061216292,,True,-37.24842100820808,0.551863287301005,1.8896946138376545,0.2794840664279704,28.14082145690918,
22.098822,113.652892,2018-08-09,1.309,2018-08-10,-17.922677583566625,17.922677583566625,,True,-36.14024015058334,0.5170972981812418,2.049469072007701,8.224550105907298,31.769212934705948,
21.78945,112.968405,2018-08-11,1.129,2018-08-10,-14.836943134399425,14.836943134399425,,True,-34.17359227160785,0.4558117323315512,2.34784728495356,13.462520547346635,32.38613461581144,
22.030211,113.76236,2018-08-08,1.104,2018-08-10,-17.766878355793274,17.766878355793274,,True,-36.7337850760857,0.5055201820591397,2.097379246640957,7.965939184029897,30.13330512576633,
21.851621,113.814216,2018-08-08,1.052,2018-08-10,-15.724535435937414,15.724535435937414,,True,-31.618919744669164,0.5102576301109549,2.088284099065878,3.0468673706054688,30.61100006103516,
21.910766,113.58749,2018-08-09,1.052,2018-08-10,-18.20905111567968,18.20905111567968,,True,-36.64648464090696,0.515428340172913,2.047096942595711,13.269654273986816,31.01243873878761,
21.387182,112.566846,2018-08-11,1.027,2018-08-10,-22.995578715988835,22.995578715988835,,True,-36.69936207349987,0.6581436241302484,1.6562602436809517,0.6144190430641174,30.399999618530277,
1.66835,-48.271831,2018-10-19,1.026,2018-10-20,-18.618909537080462,18.618909537080462,,True,-37.73545812465037,0.5117806088438503,2.0538103750032457,0.5053740739822388,28.31999969482422,
21.990946,113.898436,2018-08-08,1.001,2018-08-10,-17.781667997247602,17.781667997247602,,True,-34.78633034066195,0.5277202095447543,1.956600867764857,6.807001290497957,29.7485220822421,
21.560599,113.24692,2018-08-10,1.001,2018-08-10,-16.404472238776357,16.404472238776357,,True,-36.73843316642792,0.4648664717999328,2.2767808954776783,1.777607560157776,30.038425657484268,
21.695101,113.189522,2018-08-10,0.898,2018-08-10,-16.34532435072898,16.34532435072898,,True,-36.742581260259534,0.4634875607219774,2.2839035164337025,7.146938323974609,30.3266658782959,
2.657956,-48.732453,2018-10-19,0.893,2018-10-20,-20.513944993457912,20.513944993457912,,True,-38.39188461551508,0.5470396706497699,1.890957901833341,0.1868359505065849,28.17504566192627,
21.920007,113.688908,2018-08-09,0.873,2018-08-10,-15.323271229184591,15.323271229184591,,True,-30.96801301595968,0.5015776353276579,2.141558551424064,13.244071006774902,30.308434828272407,
21.488767,112.531166,2018-08-11,0.77,2018-08-10,-13.296195058562034,13.296195058562034,,True,-30.77780169787598,0.4512920445093198,2.3700611019498723,1.025139570236206,30.8636105855306,
21.992949,113.547093,2018-08-09,0.719,2018-08-10,-19.413841829207485,19.413841829207485,,True,-38.00179750912476,0.5296045993822545,1.9816872060338235,15.773910999298096,32.06041558583578,
21.819221,113.124607,2018-08-10,0.667,2018-08-10,-16.613990892408616,16.613990892408616,,True,-36.2013588965026,0.4801471409355562,2.2147477191774327,13.968457256663926,32.013546198064624,
21.658662,113.371497,2018-08-10,0.565,2018-08-10,-17.68893861079164,17.68893861079164,,True,-37.3254774151863,0.491707313677229,2.138347571617149,2.093997781926935,31.049998751553623,
21.592686,113.051454,2018-08-11,0.539,2018-08-10,-15.653121346617374,15.653121346617374,,True,-35.843963662593644,0.4607950761918449,2.334506905030047,3.0693742247188798,30.191110461365945,
43.015317,9.977433,2019-06-09,0.045836225,2019-06-06,-21.962911626235577,21.962911626235577,,True,-39.03239048796692,0.5837774789707013,1.8000779292409417,0.1349723028100055,20.398670777030613,
17.946,-76.75783,2017-11-16,0.00573,2017-11-14,-17.650181006236565,17.650181006236565,,True,-26.528964530986123,0.681522516365043,1.5674729583471758,0.1907885955727618,29.30028264418892,
20.21,-154.478,2019-01-15,0.005476374,2019-01-12,-13.853433421988097,13.853433421988097,,True,-36.07072450824243,0.4026810065159255,2.6676152293466804,0.0638602135392526,24.254964311917625,
20.2219,-154.475,2019-01-15,0.005179643,2019-01-12,-13.740122272347971,13.740122272347971,,True,-36.02918216898244,0.3995604904605063,2.6852013196071978,0.0646508227695118,24.280377994884144,
44.288733,9.15755,2019-06-14,0.003410525,2019-06-11,-25.140686452915023,25.140686452915023,,True,-39.83204123265181,0.6454667526703098,1.6016418345579633,0.1515796667159493,23.314860301231267,
37.731,23.241,2015-11-11,0.00308,2015-11-12,-23.30560460555952,23.30560460555952,,True,-33.41324867112827,0.7263751882256506,1.473739077164478,0.3579623008767764,21.721653525034583,
39.651,20.032,2015-04-25,0.003036667,2015-04-27,-19.23433693976875,19.23433693976875,0.5200832652002794,True,-23.843833080748887,0.8108145316929918,1.2634681942668682,0.3242528438568115,18.32999992370605,
17.948306,-76.83425,2017-09-14,0.00301,2017-09-15,-18.03717657781733,18.03717657781733,0.5845617855460581,True,-25.361966556413403,0.7263051674037303,1.4567937871296406,1.1928000450134275,31.033748626708984,
43.328333,28.285833,2017-08-09,0.002543575,2017-08-06,-21.18017307414071,21.18017307414071,5.099815701253146,True,-34.56296592676981,0.6365038362183086,1.652686706883306,1.1419532335721532,25.871807421170747,
36.12,25.227,2019-03-19,0.0025,2019-03-20,-23.39151607636441,23.39151607636441,,True,-37.12408113150232,0.6487677047706327,1.6045643035276,0.1739881417301834,17.125154057487112,
40.0225,17.990833,2020-10-18,0.00232681,2020-10-19,-17.566479244466315,17.566479244466315,3.443597712297896,True,-28.12225837332432,0.6297443590922341,1.6195300166229325,0.3973943454320314,21.531638161080785,
17.94878,-76.82694,2017-11-16,0.00207,2017-11-14,-19.305926988448626,19.305926988448626,0.541340655852539,True,-24.9077670516296,0.7833147999094525,1.3538796768470742,0.7713291307665268,29.23583217836776,
41.616667,2.78,2015-06-05,0.001986,2015-06-05,-22.40309071674272,22.40309071674272,2.50227568181516,True,-25.57021531053505,0.8801644396046527,1.1503880560816695,0.2675127387046814,20.3009090423584,
40.225278,18.527778,2021-06-28,0.001921671,2021-06-28,-20.27274977095504,20.27274977095504,,True,-26.95403437895203,0.7559925250162808,1.3527570113796512,0.1539355814456939,24.841665267944336,
20.2149,-154.4888,2019-01-15,0.001885194,2019-01-12,-13.840638301724868,13.840638301724868,,True,-36.05987911443635,0.4021767037608907,2.6678967384707404,0.062694676220417,24.217498779296875,
39.263,19.823,2015-04-26,0.00167,2015-04-27,-14.84521511372689,14.84521511372689,,True,-23.33288959599204,0.6398122656350177,1.5956611350281498,0.1588161587715149,16.796667098999023,
53.202686,-9.207496,2019-02-05,0.00163,2019-02-04,-37.831715192988185,37.831715192988185,4.43836451700845,True,-40.65343538880505,0.9595615312183972,1.1143600867048935,5.163626194000244,7.199127529942713,
43.355417,10.177333,2019-06-10,0.00158825,2019-06-11,-37.35409055595075,37.35409055595075,,True,-38.76894400889804,0.999019047028793,1.0837805583896378,0.4671402284593293,20.78719725753321,
17.932222,-76.84275,2017-09-14,0.00158,2017-09-15,-16.665768956917844,16.665768956917844,0.5845617855460581,True,-25.657043385350185,0.6443843473710329,1.531874215292642,1.1928000926971436,30.92424850463867,
37.148,25.407,2017-07-28,0.001557143,2017-07-29,-29.94569502899183,29.94569502899183,,True,-31.844412583029072,0.9805292453690718,1.102871456801874,0.1382508515301397,23.638501733036367,
36.78695,2.86953,2018-01-28,0.001499804,2018-01-26,-17.47596677132834,17.47596677132834,3.9578863578500862,True,-28.0925897135068,0.6315662647830326,1.6313065383342753,1.0884052515029907,15.271425575017927,
17.946306,-76.754944,2017-09-14,0.00148,2017-09-15,-19.386239795137342,19.386239795137342,,True,-27.41300606682284,0.7251902763972621,1.5320963431524142,0.2054810635745525,30.54762434959412,
36.760775,2.80062,2018-04-28,0.001473792,2018-04-26,-19.720655082759336,19.720655082759336,1.7090063880700643,True,-34.049006913890494,0.6065501477493493,1.751833381814813,0.6290864411153291,16.307627741495768,
36.728415,2.795861,2018-04-28,0.001441786,2018-04-26,-20.13808858688904,20.13808858688904,1.7090063880700643,True,-33.688552874487804,0.6264505472149013,1.6986240331595832,0.6648248434066772,16.470184750027126,
36.78695,2.86953,2018-11-29,0.001440699,2018-11-28,-18.553476023077327,18.553476023077327,1.26301415417395,True,-32.25737357259592,0.5998344696821826,1.7644880301658874,0.6886563133448363,17.660806596279144,
53.074429,-9.548073,2019-02-04,0.0014,2019-02-01,-18.571982987981567,18.571982987981567,,True,-33.48437859633455,0.564149984022457,1.8238726738251445,1.9916157722473145,8.528791997339816,
17.94886,-76.82269,2017-11-16,0.00134,2017-11-14,-20.34821890764771,20.34821890764771,0.541340655852539,True,-25.54957626854586,0.8061946418619352,1.3128566622500664,0.75069967080962,29.260832120787423,
17.951639,-76.81875,2017-09-14,0.00134,2017-09-15,-19.965568176850976,19.965568176850976,0.5845617855460581,True,-27.97591919090196,0.7363510959706674,1.4322733727712105,1.0705621377477106,30.865635925868776,
36.78695,2.86953,2018-06-26,0.001263382,2018-06-25,-27.89095898169713,27.89095898169713,3.558281153726976,True,-34.213524658347865,0.8581981187819973,1.2644218041225057,0.1406405121088028,21.444365203380585,
17.946139,-76.756472,2017-09-14,0.00124,2017-09-15,-19.109716715810883,19.109716715810883,,True,-27.118389892568207,0.7220408264310053,1.5368749920490454,0.2074126607697942,30.535738571830414,
17.949806,-76.820278,2017-09-14,0.00122,2017-09-15,-19.42509216432504,19.42509216432504,0.5845617855460581,True,-27.05717866457224,0.7378793221450966,1.4313312830571503,1.0823692083358765,30.88187408447266,
39.26,19.792,2015-04-26,0.001216667,2015-04-27,-14.730567631021932,14.730567631021932,,True,-23.05723756461225,0.6423510149092787,1.5892396829617117,0.1554914575356703,16.795230894822343,
33.770319,10.253245,2019-04-25,0.001200034,2019-04-24,-15.957607532185063,15.957607532185063,,True,-24.75014915751815,0.6646443772104562,1.5735606854552446,2.026485681533813,19.16159107810573,
17.94925,-76.82475,2017-11-02,0.00119,2017-11-02,-17.92388692609456,17.92388692609456,2.463799176800273,True,-26.033314821880136,0.7068114544774945,1.4965385932724091,0.9001129203372531,29.831888834635414,
37.5,26.3,2015-06-16,0.001176667,2015-06-16,-24.63775974073937,24.63775974073937,,True,-24.80334630264308,0.9980047655914096,1.011570695996464,0.1049012603668066,22.876867235623877,
36.023,29.562,2019-03-22,0.001173333,2019-03-22,-26.708592531403443,26.708592531403443,,True,-35.70042843971279,0.7894025466911101,1.3783080786898068,0.2257203310728073,17.693750381469727,
17.94475,-76.8185,2017-11-16,0.0011,2017-11-14,-18.768716215522275,18.768716215522275,0.541340655852539,True,-24.286178204469834,0.7745060518646595,1.3786055334198668,0.7314455081831733,29.28416540037911,
36.760775,2.80062,2018-11-29,0.001096444,2018-11-28,-18.86621105829037,18.86621105829037,1.26301415417395,True,-33.5592068834493,0.588397843902826,1.805116857836274,0.6305526673793793,17.6352663675944,
34.001787,10.052079,2019-11-07,0.001085913,2019-11-08,-20.642716308260862,20.642716308260862,,True,-31.85836153684978,0.6613508752527567,1.596108899112765,4.502850532531738,22.606111526489254,
42.589167,27.731667,2017-08-08,0.001051344,2017-08-05,-21.65008834875504,21.65008834875504,,True,-34.36051554339767,0.6533313275869045,1.6069265803947987,0.703729496683393,25.73404034205845,
44.28415,9.315583,2019-06-13,0.00102435,2019-06-10,-17.582418692991908,17.582418692991908,2.0640152085103995,True,-34.38426598264826,0.540794751938309,1.9868668167655688,0.1603335578050186,22.9113063527577,
22.9623,-153.4928,2019-01-10,0.001022849,2019-01-07,-29.343568498809404,29.343568498809404,,True,-39.609853765333206,0.7599162021695491,1.3909346606116606,0.1069319184731554,24.3805357615153,
22.9769,-153.4881,2019-01-10,0.001015313,2019-01-07,-29.706373279414976,29.706373279414976,,True,-39.534301105942895,0.7708455902188166,1.3753269851396623,0.1073748990893364,24.442142486572266,
42.366667,3.293333,2015-06-05,0.001004,2015-06-05,-26.08202393992221,26.08202393992221,,True,-27.12672804953287,0.96534728654788,1.0447078194905668,0.3078735858201981,19.03818578720093,
36.716517,2.788723,2018-11-29,0.001003069,2018-11-28,-18.193390893736314,18.193390893736314,,True,-32.920043077007875,0.5779157511849919,1.8382653457508469,0.585418239235878,17.495987824031285,
36.716517,2.788723,2018-04-26,0.001003069,2018-04-26,-20.810006982305485,20.810006982305485,,True,-33.54067610082198,0.6496694592560395,1.6382529736572673,0.6648248434066772,16.562308107103622,
41.119167,1.297222,2018-10-09,0.001,2018-10-10,-19.901865170862845,19.901865170862845,1.9264188452453472,True,-32.11739208727072,0.6412303105415575,1.639008550238888,0.1851386283383225,23.118693091652613,
44.34405,9.047283,2019-06-14,0.0009891,2019-06-11,-23.881887257871675,23.881887257871675,1.9332752726229776,True,-38.43708043717782,0.6351661788280734,1.6243231347014284,0.146549254655838,23.091905565822827,
33.786893,10.270481,2019-04-25,0.000988857,2019-04-24,-18.55185678172239,18.55185678172239,,True,-36.40155090742884,0.5306225002437477,1.987160431618057,1.997455739974976,18.80570812225342,
36.957,25.362,2017-07-27,0.000978571,2017-07-29,-19.466537813827607,19.466537813827607,6.3897127347650935,True,-32.6017196051153,0.6244876175502904,1.700893350785088,0.1465327101759612,23.59703749418259,
17.94878,-76.83517,2017-11-16,0.00094,2017-11-14,-18.14571217469502,18.14571217469502,0.541340655852539,True,-25.60759000965369,0.7243312933560754,1.4578051537995915,0.793333888053894,29.20916557312012,
36.716517,2.788723,2018-01-28,0.000918063,2018-01-26,-17.60744380856454,17.60744380856454,,True,-28.423364265176065,0.6295330541538072,1.6370954266211637,1.179465787751334,15.46195650100708,
39.465,20.177,2015-04-27,0.00091,2015-04-27,-16.3852729479973,16.3852729479973,,True,-23.97143506956253,0.686503280454004,1.487459219597896,0.2120405435562133,18.18916702270508,
35.742,26.212,2019-03-20,0.0009,2019-03-21,-20.545358896589978,20.545358896589978,,True,-38.09284876178969,0.5551826853125167,1.8752278173831587,0.1944035589694976,16.9604549407959,
43.978933,9.750217,2019-06-13,0.000896025,2019-06-11,-23.70140432587035,23.70140432587035,,True,-38.87013228018636,0.6291688870553872,1.6625321839228324,0.2461438179016113,23.37874984741211,
44.113,9.68065,2019-06-13,0.000876588,2019-06-11,-26.12428140584148,26.12428140584148,0.9275688008019576,True,-35.687811896360635,0.7590453123314744,1.39963912584133,0.2663283348083496,23.65749931335449,
35.6619,-27.745187,2020-11-06,0.000870983,2020-11-03,-18.748705279892963,18.748705279892963,,True,-32.70526616854588,0.5755281842137082,1.7801442119987874,0.0993326708185868,21.57825169797804,
37.787,23.701,2015-11-11,0.00084,2015-11-12,-20.24076493551401,20.24076493551401,,True,-34.64762536387125,0.6013079527495132,1.7318706975090905,0.3623310327529907,20.975357055664062,
36.773149,2.820132,2018-11-29,0.000805757,2018-11-28,-18.915041627074107,18.915041627074107,1.26301415417395,True,-33.15611608410986,0.5966904539151193,1.779185090491438,0.6721267700195312,17.682998657226562,
41.119444,1.330278,2018-10-09,0.0008,2018-10-10,-22.62032817503623,22.62032817503623,2.064403469464112,True,-34.39870458846906,0.6840501050118492,1.5478578378764796,0.1731633935401688,23.11262606151068,
36.773149,2.820132,2018-01-28,0.000798811,2018-01-26,-16.781232899546918,16.781232899546918,3.9578863578500862,True,-28.262627805037045,0.6030228591936568,1.7129610477001405,1.0884052515029907,15.3462495803833,
36.731746,2.773019,2018-01-28,0.000757046,2018-01-26,-17.490123235957807,17.490123235957807,,True,-28.657811013658893,0.6203924615688746,1.6619261672609664,1.036442842334509,15.264791369438171,
36.278,25.2,2017-07-26,0.000742857,2017-07-23,-15.48860752989262,15.48860752989262,,True,-29.89600937986692,0.5300529462428285,1.9604043308687265,0.0955175459384918,24.16307640075684,
42.045183,9.582533,2019-06-05,0.0007346,2019-06-05,-25.633084794240204,25.633084794240204,,True,-37.95784093531321,0.7019740216085711,1.527781932151516,0.1556808363427134,20.13551378250122,
33.919014,10.128889,2019-11-07,0.000724807,2019-11-08,-23.18013880705401,23.18013880705401,,True,-35.76080922221133,0.6887840128917748,1.5623856528081004,7.968207223074776,22.34541369292696,
36.728415,2.795861,2018-11-29,0.000724014,2018-11-28,-18.27319587437662,18.27319587437662,1.26301415417395,True,-33.07187418997506,0.5777236466432137,1.835732850614629,0.6498534830789717,17.684004374912806,
17.94839,-76.81881,2017-11-02,0.00072,2017-11-02,-19.52733669986843,19.52733669986843,2.463799176800273,True,-27.144506971918627,0.7383919647093543,1.4349079796344066,0.8987463215986886,29.794166564941406,
44.240431,8.469206,2018-09-11,0.000709184,2018-09-08,-23.62553266718807,23.62553266718807,,True,-34.23090193246366,0.7219470303137665,1.4781513486741205,0.1396359205245971,25.817222595214844,
36.760775,2.80062,2018-01-28,0.000704857,2018-01-26,-16.89283521609035,16.89283521609035,3.9578863578500862,True,-28.382436252494035,0.6049591870239205,1.7076972440571436,1.031584366162618,15.28551336924235,
36.683,21.665,2017-07-22,0.000685714,2017-07-21,-19.7807365271326,19.7807365271326,,True,-30.508175241154177,0.6612091045280477,1.5605143133004964,0.0798977268120599,26.577893575032547,
35.478,25.04,2017-07-23,0.000683333,2017-07-22,-17.652256735175698,17.652256735175698,,True,-34.049584829412765,0.5249891511244611,1.9499903742279767,0.0885794327384041,25.80038042991392,
17.932333,-76.843306,2017-09-14,0.00067,2017-09-15,-16.737152708222492,16.737152708222492,0.5845617855460581,True,-25.68066321944892,0.6463764001440265,1.5274731754575903,1.192800089716911,30.931092262268063,
39.487,20.079,2015-04-25,0.000663333,2015-04-27,-15.688318256130254,15.688318256130254,,True,-24.26974168008512,0.6496389664412784,1.56715182326673,0.2969882308490693,18.18136402917287,
36.731746,2.773019,2018-11-29,0.000640578,2018-11-28,-18.21760568851392,18.21760568851392,,True,-33.70012499623781,0.5654445148477983,1.8793650500821484,0.6627960782498121,17.719702899456024,
20.9881,-154.3699,2019-01-14,0.000640223,2019-01-12,-14.872922119932138,14.872922119932138,,True,-36.2524983567835,0.4291313830124608,2.493197513185473,0.0842826081296572,24.22634612596952,
36.728415,2.795861,2018-01-28,0.000636633,2018-01-26,-17.43890986032215,17.43890986032215,3.9578863578500862,True,-28.53893261271292,0.6210543443249171,1.6597523380783716,1.0226649689295937,15.29273107316759,
36.731746,2.773019,2018-04-26,0.000627637,2018-04-26,-20.561531957930992,20.561531957930992,,True,-34.29548645612972,0.6292377327910033,1.6938219298617905,0.7511625997722149,16.108671188354492,
41.710033,9.431117,2019-06-04,0.00062465,2019-06-05,-26.52197154659212,26.52197154659212,,True,-35.97209924637751,0.7661326760359448,1.3845116150278298,0.1340268850326538,20.38944435119629,
34.816,26.13,2019-03-21,0.000613333,2019-03-21,-20.372639522517574,20.372639522517574,,True,-38.70250520287946,0.5440348581351838,1.922524053490957,0.2070121839642525,17.5031031540462,
44.230539,9.106589,2018-09-06,0.000600998,2018-09-03,-17.492004695631735,17.492004695631735,,True,-36.8176456691065,0.5001725671733737,2.1370310631450464,0.1342288358137011,26.302881240844727,
36.086,28.22,2019-03-22,0.0006,2019-03-22,-22.17967312174034,22.17967312174034,,True,-38.03153072286944,0.6048557055418364,1.7350770826190811,0.2157095521688461,17.81055450439453,
22.9915,-153.4777,2019-01-10,0.000591322,2019-01-07,-27.67208586246814,27.67208586246814,,True,-39.34294996475487,0.7225293614688083,1.4562067344835106,0.1074947158044034,24.43010340603915,
42.18,3.24,2015-06-04,0.000587,2015-06-05,-21.000712825760857,21.000712825760857,,True,-27.13437377363929,0.7771351337464982,1.303070708412424,0.3412608253783074,19.060917978701383,
39.286,19.847,2015-04-26,0.000576667,2015-04-27,-14.78200794826968,14.78200794826968,,True,-23.51858699228366,0.6317663757784079,1.6153730527497057,0.1666903346776962,16.84000015258789,
37.7,26.4,2015-06-18,0.000576667,2015-06-16,-15.84971140638098,15.84971140638098,,True,-27.1591482928981,0.5860983099423909,1.7370213437996642,0.1139198648658665,22.77643234946511,
37.455,-0.876667,2015-03-17,0.000573,2015-03-17,-12.818463452446233,12.818463452446233,,True,-26.967469080877347,0.477235908040907,2.151023675456896,0.5739812254905701,14.082857131958008,
40.220556,18.498056,2020-12-02,0.00056057,2020-11-30,-16.78269064916577,16.78269064916577,,True,-26.419777921090425,0.6396671781414999,1.602399887327327,0.8265882730484009,17.012207448482513,
44.29785,9.149569,2018-09-06,0.000557809,2018-09-03,-19.57299527669845,19.57299527669845,1.2066818118349465,True,-34.7797580577545,0.5933088902070222,1.809327214062337,0.1443122625350952,26.216249465942383,
36.239,22.33,2017-07-22,0.000554762,2017-07-21,-23.11496576139295,23.11496576139295,,True,-36.41003833284305,0.65908948091591,1.596632878932218,0.0843481197953224,26.28681755065918,
42.884167,27.989167,2017-08-08,0.000536849,2017-08-05,-19.51080373475876,19.51080373475876,,True,-33.896300433557,0.5949025457648006,1.7573426943596775,0.6128086536677916,26.206537389043547,
36.563333,-2.678333,2015-03-24,0.000535,2015-03-22,-26.84035805704098,26.84035805704098,,True,-27.855034483306166,0.9672930343285424,1.0435407765999771,0.4367890357971191,14.982999801635742,
40.275278,17.493333,2021-04-17,0.000529742,2021-04-17,-19.66718616940597,19.66718616940597,4.496604999093153,True,-30.48944702760373,0.6479799876300063,1.5705580552221037,0.2731651105663993,14.390681295683889,
40.221,25.218,2020-02-09,0.000526667,2020-02-08,-15.285843184160406,15.285843184160406,,True,-27.89523573220953,0.5527394536930538,1.8587548457519592,0.3061325983567671,15.039552515203304,
44.310153,9.150061,2019-04-02,0.00052381,2019-03-30,-20.54804332039758,20.54804332039758,1.5240595832414885,True,-34.19354752878321,0.6320795398853652,1.7397369931105846,0.6631390015843888,14.370865123372685,
42.721317,10.179883,2019-06-06,0.000514425,2019-06-05,-22.139845345350302,22.139845345350302,2.456085778779751,True,-36.82422857471618,0.6353397595093788,1.7188132499872752,0.1936804538835649,20.15489163994789,
42.661667,27.775833,2017-08-08,0.000508715,2017-08-05,-21.26494068241869,21.26494068241869,4.588273210123239,True,-33.2034854762879,0.6628756538679196,1.5802272206956929,0.9195531062457872,25.55871723009192,
22.4065,-153.7625,2019-01-11,0.000501453,2019-01-13,-24.134789179376767,24.134789179376767,,True,-39.83300177668183,0.6204586147263665,1.6697757245511324,0.1054446995258331,24.555131149291988,
40.017222,17.885278,2020-10-18,0.000497203,2020-10-19,-17.244864551295688,17.244864551295688,,True,-27.64738045150247,0.6262980391459931,1.6305332660212175,0.2402686029672622,21.72599983215332,
37.912383,23.68495,2019-10-15,0.00049096,2019-10-16,-20.28536277752237,20.28536277752237,1.3830425814992446,True,-31.079249886102065,0.6786010476063463,1.5577445806214931,0.2525552034378052,23.98440017700195,
35.638,24.672,2017-07-23,0.000490476,2017-07-22,-23.7668926129478,23.7668926129478,,True,-33.968970290391766,0.7164247254060363,1.4437823914860148,0.0758469402790069,25.661922454833984,
35.467,25.165,2017-07-25,0.000490476,2017-07-22,-19.153232345224968,19.153232345224968,,True,-33.35398244112898,0.5810747492580176,1.7579037995743847,0.0904940695812305,25.75554720560709,
-0.5,-92.0,2017-10-19,0.00049,2017-10-21,-20.0974531917774,20.0974531917774,,True,-32.48534995696108,0.6355947658108504,1.6357684721646455,0.7435271739959717,19.084874153137207,
40.254722,17.380833,2020-10-17,0.000488145,2020-10-19,-18.77771371124309,18.77771371124309,,True,-30.53522786875353,0.6159030178112134,1.6492587040440605,0.2129981391704999,22.28153381347656,
41.812033,9.435417,2019-06-04,0.00048175,2019-06-05,-29.974625846428488,29.974625846428488,,True,-35.985499715190066,0.8655932080810274,1.2339813380480944,0.1343413889408111,20.26000022888184,
43.520017,10.193883,2018-05-23,0.000476025,2018-05-23,-30.67467001919991,30.67467001919991,2.1118564305169727,True,-37.95502432094729,0.8369454758239055,1.283531128033395,0.4117577438769134,19.44793728814609,
42.090428,-27.467325,2020-11-18,0.000470024,2020-11-20,-19.310251645092976,19.310251645092976,,True,-29.95386775665846,0.6476849456975545,1.5807956050351353,0.2807754278182983,16.5,
42.765,27.9875,2017-08-08,0.00046548,2017-08-05,-18.593710028438657,18.593710028438657,,True,-33.88055589614445,0.5671169009236737,1.8441487190745405,0.5701567811124464,25.77972793579101,
1.5,-90.5,2017-10-22,0.00046,2017-10-22,-17.42770211674348,17.42770211674348,,True,-32.0548903951637,0.5662422525334836,1.8705228800703448,0.1821496188640594,22.759998321533203,
39.849,19.291,2015-04-23,0.000456667,2015-04-20,-15.209323171982598,15.209323171982598,,True,-25.40061866775446,0.6015824433933721,1.6951755018695718,0.1975408927752421,16.30082726111779,
41.405,2.268333,2015-06-05,0.000441,2015-06-05,-21.985556797217143,21.985556797217143,1.9273526813422803,True,-26.250923698360417,0.8417214669868763,1.2032378305963374,0.6626947522163391,20.45583343505859,
44.310153,9.150061,2018-09-06,0.000439924,2018-09-03,-20.02455362311474,20.02455362311474,1.2066818118349465,True,-33.07756124584705,0.6309306785884731,1.7580861970851045,0.1463764635190158,26.30892799269985,
37.455,-0.876667,2015-03-17,0.000435,2015-03-17,-12.818463452446233,12.818463452446233,,True,-26.967469080877347,0.477235908040907,2.151023675456896,0.5739812254905701,14.082857131958008,
44.411064,8.751844,2018-09-10,0.00043004,2018-09-07,-17.702927808886326,17.702927808886326,0.3353248924577038,True,-29.87527645287293,0.6169124766400572,1.7131903792209138,0.1334772408008575,26.11750030517578,
39.86,19.313,2015-04-23,0.00043,2015-04-20,-15.394473680959424,15.394473680959424,,True,-25.435663935809806,0.608025737893362,1.6767577888645688,0.201090857386589,16.19624900817871,
47.89658,-9.026751,2020-11-24,0.000421108,2020-11-22,-19.28533881024953,19.28533881024953,,True,-27.65193661796617,0.7006553966577652,1.473148500188922,0.3995944261550903,13.062000274658203,
37.902,23.615,2015-11-11,0.000416667,2015-11-12,-21.488482285889862,21.488482285889862,1.4961077114983978,True,-31.50431711352747,0.6980294137933847,1.485611588817249,0.3790171878379688,20.89319570440995,
37.924,23.32,2015-11-11,0.000416667,2015-11-12,-27.48721507675909,27.48721507675909,1.556003027845958,True,-32.0190851068138,0.8853852817370828,1.190576739625629,0.3263430864580216,21.598121150847405,
44.230539,9.106589,2019-04-02,0.000413022,2019-03-30,-21.01436953794521,21.01436953794521,,True,-37.22454974695781,0.5945291483496981,1.858363127020124,0.4829062223434448,14.456171810626984,
40.020556,17.950556,2020-10-18,0.000411627,2020-10-19,-17.073152912024252,17.073152912024252,3.443597712297896,True,-27.93164108351588,0.6145590739278168,1.6611467193992224,0.3186321854591369,21.592998504638672,
17.93206,-76.84219,2017-11-16,0.00041,2017-11-14,-15.573091068369594,15.573091068369594,0.541340655852539,True,-25.61739290744009,0.6002024895378885,1.674848745829138,0.793333888053894,29.20183219909668,
17.948417,-76.8345,2017-09-14,0.00041,2017-09-15,-18.13100179382042,18.13100179382042,0.5845617855460581,True,-25.48641791654416,0.7267218062299683,1.455672542548284,1.1928000450134275,31.033748626708984,
35.67006,-27.74245,2020-11-06,0.000406777,2020-11-03,-17.342230871412067,17.342230871412067,,True,-32.47352334670687,0.5366694786427906,1.9083581038442887,0.1011963066245828,21.58226217542376,
39.904,24.302,2020-02-10,0.000406667,2020-02-07,-16.093469187040903,16.093469187040903,,True,-28.86235350145213,0.5601796457274465,1.8313519325473493,0.2593385875225067,15.576665878295898,
42.079707,-27.473114,2020-11-18,0.000406509,2020-11-20,-19.49241269726983,19.49241269726983,,True,-29.86901534371864,0.6554378462382806,1.5608460392225858,0.2901581721380353,16.630781292915344,
35.677333,-27.739887,2020-11-06,0.000402588,2020-11-03,-16.820241587623084,16.820241587623084,,True,-32.312484634691906,0.5233389909495391,1.9563832865394093,0.099731300146349,21.58860892634238,
41.106389,1.261944,2018-10-09,0.0004,2018-10-10,-18.77085195918853,18.77085195918853,1.8229303770812737,True,-30.436233322789143,0.6232650076336107,1.7464544905129462,0.1976770460605621,23.06732103717861,
40.32,17.438056,2020-10-17,0.000396501,2020-10-19,-19.62889469503793,19.62889469503793,0.7294195998643167,True,-30.34981484772937,0.6511535969043698,1.564665607841306,0.2311726063489914,22.32829396864947,
44.329069,8.749319,2018-09-10,0.000392784,2018-09-07,-19.756027357187627,19.756027357187627,,True,-34.42176365477482,0.602209785339352,1.7760511234153404,0.1340489536523819,25.824443817138672,
44.277375,8.462589,2018-09-11,0.000390936,2018-09-08,-25.08675862154533,25.08675862154533,,True,-33.001390672157726,0.7940134972397942,1.351942307592749,0.1396359205245971,25.817222595214844,
36.017,23.163,2017-07-22,0.000385714,2017-07-21,-37.004705167333874,37.004705167333874,,True,-38.15518712484299,0.9971423554815684,1.060474397428422,0.0839999541640281,25.31692314147949,
8.634072,78.117547,2021-06-07,0.000385,2021-06-07,-12.414258030817887,12.414258030817887,,True,-21.195388565440343,0.5750331505778127,-10.996046830013668,1.8227282762527464,30.404998779296875,
0.5,-92.0,2017-10-19,0.00038,2017-10-21,-20.731124153596685,20.731124153596685,,True,-34.39325824145639,0.6206484596836656,1.6809265391213308,0.3346856449331556,21.083207383447768,
40.221389,18.566667,2021-06-28,0.000365369,2021-06-28,-17.96420734038819,17.96420734038819,,True,-26.948117072634982,0.6700442160282888,1.5251898089613318,0.1752994256940755,24.843660412412703,
42.888333,10.211033,2018-06-11,0.000360438,2018-06-11,-24.663293794652567,24.663293794652567,,True,-34.48456063933588,0.7496979298208142,1.4285239848216786,0.1579168237971537,23.071698102084078,
22.4,-153.7755,2019-01-11,0.00035932,2019-01-13,-24.04023075696877,24.04023075696877,,True,-39.7792825631176,0.6188114249549903,1.6738259722750206,0.1055612564086914,24.553571701049805,
37.543,25.541,2017-07-28,0.000357143,2017-07-29,-21.341847881377326,21.341847881377326,,True,-36.03653549557343,0.6202363048553856,1.7148115767171628,0.1239514012954064,23.4444637298584,
20.9955,-154.3647,2019-01-14,0.000353437,2019-01-12,-14.925498521243142,14.925498521243142,,True,-36.46100988379813,0.4285122881058588,2.4988552166340754,0.082749852362801,24.22148726968204,
39.644,19.985,2015-04-25,0.000346667,2015-04-27,-21.96973766128,21.96973766128,,True,-23.96448778960601,0.9213544284586588,1.10447490724441,0.3173787593841553,18.553123474121094,
37.912383,23.68495,2019-03-15,0.000345238,2019-03-14,-21.45244962178069,21.45244962178069,2.539539732606667,True,-30.88585211023329,0.7225555606942762,1.4667694165099592,0.5060020923614502,15.10477752685547,
37.508333,-0.878333,2015-03-18,0.000345,2015-03-17,-12.550225612434014,12.550225612434014,,True,-26.968940859040217,0.4672325538339583,2.199141105416286,0.5719808879352752,14.050608150542727,
44.273233,9.1401,2018-06-15,0.000343975,2018-06-15,-22.105413039190783,22.105413039190783,,True,-35.48892154659154,0.6574071665371855,1.662683153372028,0.148401141166687,24.11000061035156,
40.216667,18.541111,2020-12-02,0.000340447,2020-11-30,-17.147130858457427,17.147130858457427,,True,-26.413032765141555,0.653408725635645,1.568538763449304,0.8261056649151133,16.833933616752052,
39.484,20.119,2015-04-25,0.00034,2015-04-27,-17.31513694319641,17.31513694319641,,True,-24.351130806982617,0.7145016914764982,1.4208954586774805,0.2622334889827236,17.87355359395345,
42.70145,9.558117,2019-06-06,0.000335363,2019-06-05,-21.56905018917354,21.56905018917354,,True,-37.94215563351904,0.5894710879314791,1.7789887645392255,0.1434752461702927,20.110538510308743,
41.753333,3.063333,2015-06-05,0.000335,2015-06-05,-22.09330233257141,22.09330233257141,,True,-26.73535542398536,0.8299338786317951,1.2192110080011094,0.2079374325094801,20.5681744743796,
42.9287,10.1732,2019-06-09,0.000329775,2019-06-06,-23.278278259146624,23.278278259146624,,True,-39.359208961555886,0.6119371408778767,1.7131248825973662,0.1424223837944177,20.466245269775392,
42.78475,10.484983,2018-06-07,0.000329563,2018-06-04,-18.04856358462085,18.04856358462085,,True,-33.92591507725639,0.551704129081435,1.903928014752704,0.1679406438081983,22.32329989236499,
17.94647,-76.75131,2017-11-16,0.00032,2017-11-14,-17.13385431798053,17.13385431798053,,True,-27.39339667233546,0.6404719931863523,1.6581308967723951,0.1614371331370606,29.269570837215504,
37.56,-0.861667,2015-03-17,0.000318,2015-03-17,-14.033018975555567,14.033018975555567,,True,-27.1504545378749,0.5188924334241352,1.977229112509029,0.645562469959259,14.334146030613631,
17.94617,-76.75767,2017-11-02,0.00031,2017-11-02,-21.15455961041929,21.15455961041929,,True,-27.341832746966368,0.7895222264000743,1.3595014282343985,0.2073841963125311,29.60255378225575,
40.218333,18.530278,2020-12-02,0.00030581,2020-11-30,-17.212949650684745,17.212949650684745,,True,-26.389712354984084,0.6566266369262778,1.5605697743738414,0.8265882730484009,16.987499237060547,
43.016667,27.999167,2017-08-08,0.000304738,2017-08-05,-16.84427733690178,16.84427733690178,,True,-33.26487444799062,0.5222876184786752,2.001304641189224,0.6812423329422439,26.340668222178586,
37.455,-0.876667,2015-03-17,0.000303,2015-03-17,-12.818463452446233,12.818463452446233,,True,-26.967469080877347,0.477235908040907,2.151023675456896,0.5739812254905701,14.082857131958008,
17.95056,-76.82939,2017-11-02,0.0003,2017-11-02,-17.611287713755523,17.611287713755523,2.463799176800273,True,-26.37911565793708,0.6869890607256158,1.5362821053769604,0.9010635977206024,29.858130413552992,
36.731746,2.773019,2018-06-26,0.000291172,2018-06-25,-30.98468598564849,30.98468598564849,,True,-35.577753612043274,0.9165254998543004,1.1939832706368754,0.159408310893923,21.70800721645355,
37.56,-0.861667,2015-03-17,0.000283,2015-03-17,-14.033018975555567,14.033018975555567,,True,-27.1504545378749,0.5188924334241352,1.977229112509029,0.645562469959259,14.334146030613631,
39.63,19.951,2015-04-25,0.000273333,2015-04-27,-22.13573090634004,22.13573090634004,,True,-23.75550740685424,0.9365878805714426,1.07967614174848,0.3406308224567999,18.245765979473404,
43.675083,10.149633,2019-06-11,0.000270538,2019-06-11,-39.9350304022539,39.9350304022539,,True,-39.68523696593485,1.0388616087825733,1.0261497573019505,0.289070188999176,21.93187522888184,
39.855,19.341,2015-04-23,0.000266667,2015-04-20,-14.97144494959243,14.97144494959243,,True,-24.94269150378044,0.6029646672352025,1.6923383799518097,0.1981107594911009,16.250445127487183,
17.94633,-76.74986,2017-11-02,0.00026,2017-11-02,-21.512200706029432,21.512200706029432,,True,-28.359675825237243,0.7800885191039925,1.3762671547210144,0.1739489038785298,29.567586302757263,
8.493267,78.127822,2021-12-08,0.00026,2021-12-10,-14.041206369002166,14.041206369002166,,True,-23.465568134526524,0.5862517361240329,3.807912972136529,3.918363094329834,29.40124893188477,
37.774,23.648,2015-11-11,0.00025,2015-11-12,-22.430283504154804,22.430283504154804,,True,-34.51808654228189,0.6687541905683444,1.55552094608535,0.3419071733951568,21.09428596496582,
66.22,-168.87,2017-09-23,0.00025,2017-09-25,-19.35301409555812,19.35301409555812,,True,-32.9258781862579,0.6057532219693382,1.7231044549223584,3.467499477522714,5.211627960205078,
44.129778,9.608947,2018-09-05,0.000249643,2018-09-02,-22.598696950958605,22.598696950958605,0.1049108603353017,True,-35.54719984516856,0.6639403283184475,1.5965029952551937,0.1305981874465942,26.339064557787395,
42.732233,9.856067,2019-06-06,0.000247088,2019-06-05,-19.60124079733072,19.60124079733072,,True,-38.43037552400763,0.5304600279208821,1.984604225413214,0.1189520295331443,19.666224714638528,
36.716517,2.788723,2018-06-26,0.000246517,2018-06-25,-29.80869912945668,29.80869912945668,,True,-34.894240360657314,0.8976373020916267,1.2120202322441072,0.2358080478651183,21.66587700162615,
36.6,-2.68,2015-03-24,0.00024,2015-03-22,-27.313650981628644,27.313650981628644,,True,-28.053757394612685,0.9775707410158048,1.0316219883859796,0.4382098913192749,15.223749160766602,
44.29785,9.149569,2019-04-02,0.000238095,2019-03-30,-26.55811466407932,26.55811466407932,1.5240595832414885,True,-36.12775920997903,0.7734159943088348,1.4629227517575412,0.5386297702789307,14.561249732971191,
42.781783,10.5648,2018-05-28,0.000236725,2018-05-29,-27.70258389083063,27.70258389083063,,True,-37.22868148639402,0.7818967469461174,1.3958073952340018,0.1613689810037613,21.025999069213867,
8.634072,78.117547,2021-05-07,0.000233,2021-05-08,-11.43400450515372,11.43400450515372,,True,-19.480987977959742,0.5660212218294715,1.5840154959747077,1.4823077917099,32.08999824523926,
44.066403,9.550197,2018-09-05,0.000228091,2018-09-02,-22.59311108407012,22.59311108407012,,True,-36.49400974461374,0.6459538076589882,1.6382969628655086,0.1101611894620976,26.28659586839273,
42.067895,-27.478528,2020-11-18,0.000223266,2020-11-20,-19.668117169037007,19.668117169037007,,True,-29.824479948878373,0.662123347726205,1.5465967111078032,0.3134778038315151,16.96619581139606,
0.0,-92.0,2017-10-19,0.00022,2017-10-21,-20.52995697067724,20.52995697067724,,True,-33.320011519859825,0.6326864100011944,1.6422383599287915,0.4571942687034607,20.143888473510746,
43.95,9.873333,2018-05-22,0.000218413,2018-05-23,-22.090340730102728,22.090340730102728,,True,-36.687177537378034,0.6209201512190071,1.6791760915041858,0.3439257904677324,19.897774333685216,
39.307,23.827,2020-02-10,0.000216667,2020-02-07,-15.051944699177032,15.051944699177032,,True,-28.046579608572475,0.5392871089005074,1.903507968300684,0.2752144220285118,15.203020483255386,
37.341667,-0.961667,2015-03-18,0.000216,2015-03-17,-12.294104652917149,12.294104652917149,,True,-26.75975083309842,0.4611281210108695,2.2326781445707087,0.3491169050816566,14.464005316457442,
42.689167,27.9925,2017-08-08,0.000214269,2017-08-05,-20.28379216617764,20.28379216617764,,True,-34.00483075961632,0.6164163985433236,1.6950151833895204,0.5752903258622583,25.566102526081146,
43.1275,28.035,2017-08-09,0.000212791,2017-08-06,-21.11567605832647,21.11567605832647,,True,-30.1900474904826,0.7274540966501081,1.470890408092397,0.7422701673848289,26.35112609863281,
22.413,-153.7496,2019-01-11,0.000210769,2019-01-13,-24.10036218734725,24.10036218734725,,True,-39.945535150926,0.6175065202997216,1.6753328402064736,0.1045228405432267,24.56746496720748,
37.508333,-0.878333,2015-03-18,0.00021,2015-03-17,-12.550225612434014,12.550225612434014,,True,-26.968940859040217,0.4672325538339583,2.199141105416286,0.5719808879352752,14.050608150542727,
37.14,25.242,2017-07-28,0.000202381,2017-07-28,-50.31280886700527,50.31280886700527,,True,-53.076519926818136,0.9514170307172192,1.0583635561269185,0.1390065848827362,24.06166648864746,
20.988,-154.3769,2019-01-14,0.000201166,2019-01-12,-14.86527051168656,14.86527051168656,,True,-36.40364478263585,0.4271407774388656,2.503316775042363,0.0851139247698603,24.22393701661308,
42.9736,9.992533,2018-06-11,0.000192163,2018-06-11,-20.29008036316174,20.29008036316174,,True,-38.6830086735397,0.5453397800784956,1.9303391686055056,0.1535617191057938,22.862253775963413,
40.26,17.456667,2021-04-17,0.000190422,2021-04-17,-19.65294034509673,19.65294034509673,,True,-30.31896031895485,0.6506912487846447,1.5627592192174589,0.3060942170072774,14.369767423535958,
37.56,-0.861667,2015-03-17,0.000189,2015-03-17,-14.033018975555567,14.033018975555567,,True,-27.1504545378749,0.5188924334241352,1.977229112509029,0.645562469959259,14.334146030613631,
33.786893,10.270481,2019-11-20,0.00018485,2019-11-20,-22.401845977637503,22.401845977637503,,True,-38.33386912472133,0.603802320944595,1.7314277942323126,15.458341550827027,19.534590911865237,
17.94908,-76.84864,2017-11-02,0.00018,2017-11-02,-18.64801553905115,18.64801553905115,2.463799176800273,True,-27.819811318128952,1.2104873316952944,1.514992776604887,0.901674747467041,29.875,
37.508333,-0.878333,2015-03-18,0.000174,2015-03-17,-12.550225612434014,12.550225612434014,,True,-26.968940859040217,0.4672325538339583,2.199141105416286,0.5719808879352752,14.050608150542727,
37.173,25.693,2017-07-28,0.00017381,2017-07-29,-20.337345308893667,20.337345308893667,,True,-36.08427979664635,0.5899619041389639,1.802038452530412,0.1302914330735802,23.036129236221317,
44.415875,8.761267,2018-09-10,0.000171119,2018-09-07,-17.00481790457026,17.00481790457026,0.3353248924577038,True,-28.936969426323465,0.6103113585815773,1.726263439442661,0.1334328002789441,26.12080899406882,
40.039167,17.883333,2021-04-25,0.000169886,2021-04-23,-19.67211312545113,19.67211312545113,,True,-27.373335884541465,0.7224675403948355,1.412189696585254,0.3061700761318207,15.710999488830566,
40.289444,17.410278,2020-10-17,0.000169082,2020-10-19,-18.51708602361544,18.51708602361544,,True,-30.759907174789497,0.6052149787386712,1.680261666134265,0.2231764197349548,22.34000015258789,
36.728415,2.795861,2018-06-26,0.00016852,2018-06-25,-29.891336200401096,29.891336200401096,3.558281153726976,True,-35.20610200591381,0.8927993956670957,1.2204872738297143,0.1688051901080391,21.671483176095144,
37.7,24.3,2015-06-10,0.000166667,2015-06-09,-19.66970348917922,19.66970348917922,,True,-27.461676671013706,0.7190698562278197,1.407454266471311,0.1500488434124876,20.995453445999715,
37.5,25.3,2015-06-15,0.000166667,2015-06-16,-21.12963031984082,21.12963031984082,,True,-23.95864238091208,0.8857375157766545,1.1458844531247778,0.1431986317038536,21.576170802116398,
36.656667,-2.698333,2015-03-24,0.000164,2015-03-22,-21.029443966121125,21.029443966121125,,True,-27.91845006837772,0.7562518824450226,1.3376695239425351,0.4526365160942077,14.514147935090245,
43.163333,28.078333,2017-08-09,0.000163252,2017-08-06,-19.79536467139956,19.79536467139956,,True,-33.83715980224853,0.6149992751652608,1.7494285882369276,0.8357745409011841,26.3264274597168,
40.242778,17.410833,2021-04-17,0.00016317,2021-04-17,-19.275703236276883,19.275703236276883,,True,-30.64939713909673,0.6314504993710628,1.6103236873907434,0.2906529496586512,14.53976137675936,
41.6319,9.450217,2018-06-05,0.0001598,2018-06-04,-16.55650266091237,16.55650266091237,,True,-34.24167122798627,0.4968449136247976,2.0953295074881737,0.1756044924259185,21.91399955749512,
37.471,25.159,2017-07-28,0.000159524,2017-07-28,-29.6494838876,29.6494838876,,True,-37.38514148261712,0.7993267976372574,1.3451321614143394,0.139228015034287,24.07044184649432,
36.760775,2.80062,2018-06-26,0.000156635,2018-06-25,-30.37973674683526,30.37973674683526,3.558281153726976,True,-35.37084786080861,0.9034948888436614,1.2088446593426156,0.144807168497489,21.66875864664713,
43.385,28.614167,2017-08-09,0.000152369,2017-08-06,-21.774345822692496,21.774345822692496,,True,-35.02325920448368,0.6423937694853589,1.6253309711068251,0.744511604309082,25.561922073364254,
44.415875,8.761267,2019-05-15,0.00015054,2019-05-12,-20.563578235820305,20.563578235820305,2.3756304816062936,True,-29.150106507590166,0.7185311138378255,1.438513819228914,0.5036457777023315,16.61352819554946,
37.341667,-0.961667,2015-03-18,0.000149,2015-03-17,-12.294104652917149,12.294104652917149,,True,-26.75975083309842,0.4611281210108695,2.2326781445707087,0.3491169050816566,14.464005316457442,
36.806,23.468,2019-03-19,0.000133333,2019-03-20,-18.42331811277153,18.42331811277153,,True,-37.31620454627643,0.5133961139117673,2.0522307779415154,0.1981164240523388,15.78023380145692,
44.175217,8.526189,2018-09-11,0.000131326,2018-09-08,-25.72467736899574,25.72467736899574,,True,-37.56507848156577,0.7134196905612353,1.4873738599308914,0.1359281508435665,25.529720467580876,
9.0765,78.3651,2021-09-03,0.00013,2021-09-05,-16.450462492955765,16.450462492955765,2.647159055172044,True,-23.57868025183968,0.6860367199507313,1.565192228296639,3.968642234802246,29.49374954223633,
37.9142,23.62655,2019-03-15,0.000128726,2019-03-14,-25.501184909802564,25.501184909802564,2.539539732606667,True,-32.50620417792741,0.8185955951000606,1.304214682372812,0.4490301609039306,15.403888702392578,
44.129778,9.608947,2019-04-01,0.000127376,2019-03-31,-32.53705734563773,32.53705734563773,0.8419087749514611,True,-37.22672296607088,0.906891688364626,1.1950309036433682,0.4447034895420074,14.422393610779666,
42.841783,10.266283,2018-05-24,0.000126938,2018-05-23,-25.33672704525503,25.33672704525503,,True,-34.95781234061667,0.7559445638674804,1.4389048407460827,0.2277294629636932,20.408227191251864,
43.2571,5.3726,2018-10-17,0.000122449,2018-10-18,-15.327808678792168,15.327808678792168,1.6090004024251658,True,-23.99157066133093,0.626656767003976,1.7357638292229407,0.2978169322013855,21.24058782353121,
40.0025,17.944444,2021-04-25,0.000122164,2021-04-23,-20.067090951841774,20.067090951841774,2.932720527753188,True,-27.32665818260137,0.738592115078279,1.3805673724047245,0.309055745601654,15.809000015258787,
42.8835,10.448833,2019-06-07,0.00012145,2019-06-05,-18.504581209317504,18.504581209317504,,True,-35.569426003427,0.5466532205549411,1.9500294121178765,0.1724373073347153,19.52441141682286,
37.844,23.5,2015-11-11,0.00012,2015-11-12,-25.19828422534309,25.19828422534309,1.847484748040893,True,-34.54571217238241,0.7520885459072232,1.3952812736892657,0.3662874102592467,21.18678474426269,
-20.12045,148.876033,2020-03-19,0.000118492,2020-03-20,-17.14176902937333,17.14176902937333,,True,-27.60784998342029,0.6247509035220539,1.6450961662030583,2.26312809640711,28.39108615875244,
8.744239,78.170497,2021-05-06,0.000118,2021-05-08,-14.878624377847926,14.878624377847926,,True,-21.6071109291898,0.6724894440066297,1.240770817642134,1.32750141620636,32.467498779296875,
34.002287,10.087773,2019-11-07,0.000116991,2019-11-08,-21.40777153612315,21.40777153612315,,True,-37.32399494478543,0.5919405138771984,1.7616741402149647,4.502850548165744,22.609608790913565,
41.7355,9.46515,2018-06-05,0.000115463,2018-06-04,-20.41649332068405,20.41649332068405,,True,-35.0096560202143,0.6000974247279721,1.732982872927234,0.1307810842990875,22.11999893188477,
43.2475,5.2803,2018-10-16,0.000112094,2018-10-13,-15.52174343531956,15.52174343531956,,True,-34.714029429702585,0.4664112986846866,2.2758502681969275,0.2170574933290481,21.15089988708496,
33.936532,10.134875,2019-11-07,0.00011076,2019-11-08,-22.51538689237346,22.51538689237346,,True,-38.358233637506224,0.6055205937344296,1.7242860276926777,12.357965954563074,22.57910286752801,
17.93286,-76.83644,2017-11-16,0.00011,2017-11-14,-15.585450354710453,15.585450354710453,0.541340655852539,True,-24.93278555198509,0.6166834105471479,1.6461641265345004,0.793333888053894,29.203818321228027,
43.2465,5.2947,2018-10-16,0.000108312,2018-10-13,-15.792964413302707,15.792964413302707,4.4185925084544495,True,-34.261670390729684,0.4803822648716196,2.2064412273045906,0.2978169023990631,21.48600006103516,
43.052133,9.630333,2018-06-12,0.00010815,2018-06-11,-19.29008787708856,19.29008787708856,,True,-38.99688341770933,0.5198744192927366,2.0532333926186555,0.1443783746681351,23.19575171539749,
8.493267,78.127822,2021-05-08,0.000107,2021-05-08,-14.936945097818487,14.936945097818487,,True,-22.926760436478776,0.6017289261743329,1.348742986338461,1.0821025371551514,32.04166412353516,
43.2469,5.3522,2018-10-17,0.000100775,2018-10-18,-22.060774365419967,22.060774365419967,1.6090004024251658,True,-33.04575652172728,0.6922247828880767,1.5348526353246132,0.2978169322013855,21.274999618530277,
41.4411,9.392983,2018-05-30,0.0001003,2018-05-29,-22.743873188755405,22.743873188755405,,True,-40.06354527546128,0.5881560536075089,1.785848474550609,0.1758887469768524,20.439998626708984,
37.8,24.3,2015-06-10,0.0001,2015-06-09,-20.283250871023647,20.283250871023647,,True,-28.20291404329912,0.7219142285154379,1.4013802228408327,0.153361362597299,20.828149674430723,
37.8,24.4,2015-06-10,0.0001,2015-06-09,-19.85050589881478,19.85050589881478,,True,-29.353957270892845,0.6785582938086933,1.4905589957389318,0.1469912435859441,20.76637375354767,
37.5,25.3,2015-06-15,0.0001,2015-06-16,-21.12963031984082,21.12963031984082,,True,-23.95864238091208,0.8857375157766545,1.1458844531247778,0.1431986317038536,21.576170802116398,
69.59,-168.75,2017-09-21,0.0001,2017-09-18,-18.15166899332777,18.15166899332777,,True,-32.43676128344083,0.5766038201844164,1.8112652429267568,0.8131513963068339,6.296190254670336,
44.139861,9.604611,2019-04-01,9.8344e-05,2019-03-31,-31.63928216306871,31.63928216306871,0.8353115195075189,True,-36.61284665594333,0.8967297340981204,1.199705432710464,0.4939326047897339,14.405046762738907,
44.175217,8.526189,2019-07-04,9.8039e-05,2019-07-04,-18.370401589763905,18.370401589763905,,True,-34.2954229428794,0.5636618422698136,1.8983205801515863,0.1442724474718873,26.24705338813889,
39.84,19.28,2015-04-23,9.6667e-05,2015-04-20,-15.2900188555605,15.2900188555605,,True,-25.37940502921412,0.6050971632379635,1.6839040577201445,0.1944877207279205,16.35714340209961,
44.139861,9.604611,2018-09-05,9.6407e-05,2018-09-02,-21.6414929424199,21.6414929424199,0.1098239096901301,True,-34.47380787654304,0.6555226694819557,1.6156156899055183,0.1480232924222946,26.37715372358049,
37.341667,-0.961667,2015-03-18,9.4e-05,2015-03-17,-12.294104652917149,12.294104652917149,,True,-26.75975083309842,0.4611281210108695,2.2326781445707087,0.3491169050816566,14.464005316457442,
-4.9335,39.3834,2020-01-14,9e-05,2020-01-11,-23.33206987878245,23.33206987878245,,True,-40.28244219410624,0.5913697283432773,1.742972728331324,0.1206648444446424,29.05406204859416,
33.770319,10.253245,2019-11-20,8.9993e-05,2019-11-20,-15.867141258269273,15.867141258269273,,True,-24.70530818663224,0.6600720864429966,1.5786442032154764,11.407960573832195,19.39071759006433,
42.403183,9.640467,2019-06-05,8.675e-05,2019-06-05,-22.73984095685512,22.73984095685512,,True,-37.640543598578176,0.6283390188272991,1.676187608854101,0.1271440336713567,19.769634872674946,
42.880833,10.14715,2018-05-24,8.6713e-05,2018-05-23,-30.37216506320624,30.37216506320624,,True,-38.28175375425074,0.82607470569383,1.3280532454723128,0.1786876916885376,20.28937530517578,
42.450583,10.212333,2018-05-29,8.3913e-05,2018-05-29,-20.97351865079828,20.97351865079828,,True,-39.35888125164395,0.5585975084510251,1.907664380315287,0.1924452788156012,21.419315752775777,
40.038611,17.975556,2021-04-25,8.2305e-05,2021-04-23,-19.954384175044503,19.954384175044503,2.932720527753188,True,-27.41907623392478,0.731563133147716,1.3929775293864244,0.3259445930069142,15.698499462821268,
17.93603,-76.83683,2017-11-02,8e-05,2017-11-02,-16.183858982945505,16.183858982945505,2.463799176800273,True,-24.7425939047436,0.6452568479879008,1.4596966850502917,0.9016747554907432,29.85440386258639,
43.253077,5.361748,2018-10-17,7.8947e-05,2018-10-18,-21.76525764787214,21.76525764787214,1.6090004024251658,True,-31.83585316814592,0.7083308284197972,1.4864493673081265,0.2978169322013855,21.274999618530277,
-20.238367,148.8917,2020-03-19,7.214e-05,2020-03-20,-17.3875252223717,17.3875252223717,,True,-27.852361580737742,0.6280071968728053,1.6264450018386465,2.32375717163086,28.21500015258789,
43.2528,5.3552,2018-10-16,6.8729e-05,2018-10-13,-17.945201298671805,17.945201298671805,4.4185925084544495,True,-32.78803908536518,0.5708050367992477,1.857494328336457,0.2978169322013855,21.48600006103516,
-20.234533,148.740667,2020-03-20,6.7601e-05,2020-03-20,-20.084856971953936,20.084856971953936,,True,-27.131359578121067,0.745130240442159,1.374736013405882,2.010275363922119,28.441999435424805,
37.7,24.2,2015-06-10,6.6667e-05,2015-06-09,-19.165222377113544,19.165222377113544,,True,-24.329522945261647,0.7915038608692374,1.2795329624728582,0.1621838510036468,21.32887274878366,
37.8,24.3,2015-06-10,6.6667e-05,2015-06-09,-20.283250871023647,20.283250871023647,,True,-28.20291404329912,0.7219142285154379,1.4013802228408327,0.153361362597299,20.828149674430723,
37.5,25.3,2015-06-15,6.6667e-05,2015-06-16,-21.12963031984082,21.12963031984082,,True,-23.95864238091208,0.8857375157766545,1.1458844531247778,0.1431986317038536,21.576170802116398,
37.5,25.5,2015-06-16,6.6667e-05,2015-06-16,-25.46823827903169,25.46823827903169,,True,-26.032047557159217,0.9828579988259076,1.027613144977802,0.1291118711233139,21.60590934753418,
37.5,26.3,2015-06-16,6.6667e-05,2015-06-16,-24.63775974073937,24.63775974073937,,True,-24.80334630264308,0.9980047655914096,1.011570695996464,0.1049012603668066,22.876867235623877,
44.240431,8.469206,2019-07-04,6.6138e-05,2019-07-04,-16.4749663191898,16.4749663191898,,True,-33.85282805445242,0.514932159181836,2.0971437637324604,0.1226630732417106,26.467498779296875,
41.13,9.798333,2018-06-03,6.4088e-05,2018-06-04,-16.77314374938817,16.77314374938817,,True,-33.9503778640629,0.5164539336114038,2.0567714668477364,0.1449433416128158,20.61599922180176,
44.411064,8.751844,2019-05-15,6.3966e-05,2019-05-12,-20.8417928305156,20.8417928305156,2.3756304816062936,True,-29.936237113737672,0.7110435465891859,1.4534123127386698,0.5074713230133057,16.689998626708984,
43.2407,5.343,2018-10-17,6.3197e-05,2018-10-18,-23.769552857340564,23.769552857340564,1.6090004024251658,True,-33.85351720334069,0.7314830025477622,1.4504649101112312,0.2978169322013855,21.274999618530277,
43.098167,-129.206,2019-12-08,6.2747e-05,2019-12-07,-24.346885733232863,24.346885733232863,,True,-39.8379863188686,0.6233909397543793,1.6539472790400949,0.5055798292160034,11.906641903208262,
43.118,-129.198667,2019-12-08,6.2741e-05,2019-12-07,-22.95299581347308,22.95299581347308,,True,-38.97179676390048,0.6008580310931303,1.7165510307204794,0.4928990023977616,12.011911756852092,
41.05585,9.787617,2018-06-01,6.15e-05,2018-05-29,-22.058371973483425,22.058371973483425,,True,-38.82694217865664,0.5979964622809927,1.7961965288205344,0.1800841093063354,20.549999237060547,
42.323633,9.8735,2018-06-06,6.0675e-05,2018-06-04,-20.01804028148662,20.01804028148662,,True,-36.029042462452914,0.5747087341963687,1.8199411831934105,0.1327386829344665,22.215201882755053,
44.086533,-129.018767,2019-12-09,5.7427e-05,2019-12-07,-24.80678496580988,24.80678496580988,,True,-39.384479002109,0.6424191310389615,1.6086850299934337,0.3654649706918802,12.066697405345405,
44.1043,-129.017967,2019-12-09,5.7425e-05,2019-12-07,-26.38127978629312,26.38127978629312,,True,-39.48495295814898,0.6813806903293894,1.5217135690437504,0.3546963334083557,12.251666069030762,
43.2475,5.2803,2019-05-24,5.7351e-05,2019-05-22,-26.52013215856995,26.52013215856995,,True,-36.259146407899706,0.7613043156706046,1.4089714696486486,0.3337292969226837,15.90699977874756,
-20.141617,148.8145,2020-03-19,5.7093e-05,2020-03-20,-16.018380828930045,16.018380828930045,,True,-27.32101478547632,0.589672125006855,1.7335024895233362,2.104822158813477,28.26999855041504,
-20.15195,148.905117,2020-03-18,5.612e-05,2020-03-20,-14.485625296612133,14.485625296612133,,True,-22.09938302488263,0.637719390973098,0.2651938924625082,2.32375717163086,28.562568477555818,
40.974167,9.691667,2018-06-01,5.6113e-05,2018-05-29,-20.93902501696296,20.93902501696296,,True,-35.731568886370624,0.6189789361892677,1.7481979067173288,0.3076003218690554,20.308266131083176,
41.8818,9.68405,2018-05-29,5.2425e-05,2018-05-29,-26.465094346046207,26.465094346046207,,True,-39.5803216666986,0.6951277639892489,1.5357081608906291,0.152427464723587,22.21374893188477,
41.539083,9.408967,2019-06-04,5.1813e-05,2019-06-05,-21.03681059303794,21.03681059303794,,True,-37.55473533798023,0.5816361418702551,1.805764451380933,0.147616113152574,19.577705635743985,
37.9142,23.62655,2019-10-15,5.1702e-05,2019-10-16,-18.747313826988258,18.747313826988258,1.3830425814992446,True,-32.281267590360706,0.60561900313181,1.7603403481022144,0.2063174247741699,24.02199935913086,
-36.499017,23.708367,2017-05-10,4.673e-05,2017-05-09,-15.403257689085333,15.403257689085333,,True,-32.01689089207457,0.4991375497313849,2.124461094507137,0.2726459878031164,21.73156821727753,
42.785017,10.468967,2019-06-07,4.6488e-05,2019-06-05,-18.438008808160337,18.438008808160337,,True,-33.61390793280744,0.5746866067947176,1.854983859551801,0.2097294330596923,19.888999938964844,
44.066403,9.550197,2019-04-01,4.6483e-05,2019-03-31,-33.85683380595673,33.85683380595673,,True,-38.40387036895002,0.9127505963325953,1.196155566109489,0.3950794146094523,14.53074432426775,
42.996533,9.945017,2018-05-24,4.6238e-05,2018-05-23,-21.054041339826814,21.054041339826814,,True,-38.14524954810789,0.569179549117751,1.834524843769724,0.1964993075851132,20.550357790554276,
43.2654,5.3486,2018-10-16,4.557e-05,2018-10-13,-17.87086780524392,17.87086780524392,4.4185925084544495,True,-32.655690664273955,0.5711141983901602,1.855548271513897,0.2978169322013855,21.33673846721649,
64.32,-167.77,2017-09-24,4.5e-05,2017-09-25,-15.211257363276314,15.211257363276314,,True,-28.634856824991253,0.5490085818478623,1.9186945618236897,7.740931584284855,6.401715417193551,
43.1625,-129.18,2019-12-08,4.4416e-05,2019-12-07,-23.59158156521725,23.59158156521725,,True,-39.62432687591164,0.606776704358633,1.697026558168969,0.3431087208516669,12.095810225515653,
43.145167,-129.186833,2019-12-08,4.4413e-05,2019-12-07,-22.95686425272648,22.95686425272648,,True,-39.3538388208899,0.5951067634454729,1.7337816976914016,0.4768366196017334,12.131909176923228,
44.067633,-129.0198,2019-12-09,4.4293e-05,2019-12-07,-26.67622179611787,26.67622179611787,,True,-39.81056822659573,0.6838749634998155,1.5140692991824782,0.3694207966327667,11.998749732971191,
44.08425,-129.018917,2019-12-09,4.4292e-05,2019-12-07,-25.05468557677045,25.05468557677045,,True,-39.33451490424444,0.6497535051057214,1.5919314416333252,0.3667622129950258,12.044415182537502,
36.773149,2.820132,2018-06-26,4.1677e-05,2018-06-25,-29.795017713616176,29.795017713616176,3.558281153726976,True,-35.04257692347918,0.8948850438888858,1.2194615172336178,0.1406405121088028,21.55291557312012,
-2.3825,41.0169,2020-01-11,4e-05,2020-01-09,-23.24579870487773,23.24579870487773,,True,-38.30304086173129,0.6302190013720779,1.6745862443539894,0.5533421635627747,29.213499069213867,
9.0765,78.3651,2021-02-03,3.66e-05,2021-02-01,-17.34244904601037,17.34244904601037,4.596329356678263,True,-23.597128783280223,0.7220443386868498,1.5960259275264517,2.011777639389038,27.787933120727537,
43.122333,-129.1965,2019-12-08,3.6533e-05,2019-12-07,-22.873438687307424,22.873438687307424,,True,-38.94622375980339,0.5991093984123672,1.7211809416410804,0.4840224236249924,12.072749853134155,
43.140333,-129.188333,2019-12-08,3.6529e-05,2019-12-07,-22.872280710118304,22.872280710118304,,True,-39.308627008192815,0.5937703982315068,1.7388246732631416,0.4768366208847831,12.12602180593154,
42.206833,9.704833,2018-06-06,3.615e-05,2018-06-04,-21.64062687204096,21.64062687204096,,True,-37.01652262212804,0.603888240133327,1.7297261300405993,0.1297441196182499,22.209728158038597,
42.02,3.236667,2015-06-04,3.6e-05,2015-06-05,-21.549408004651408,21.549408004651408,,True,-26.57899108442289,0.8143588358618894,1.2449459446278417,0.4099476969064172,18.726762486927544,
-20.10255,148.858133,2020-03-20,3.5978e-05,2020-03-20,-15.929860991180275,15.929860991180275,,True,-27.6759976789022,0.578911885228692,1.7692513141595192,1.7674545049667358,28.49499893188477,
-20.228133,148.7833,2020-03-23,3.4875e-05,2020-03-20,-18.58406858602865,18.58406858602865,,True,-27.56089188251165,0.6782830186586847,1.50462952059288,2.061624765396118,27.96125030517578,
41.705283,9.4801,2018-05-29,3.36e-05,2018-05-29,-23.83862801246301,23.83862801246301,,True,-37.77104633436215,0.6571986242837381,1.607155937354365,0.1472429561970838,21.770795281253648,
43.183,5.3831,2018-10-19,3.125e-05,2018-10-18,-18.103204523533503,18.103204523533503,,True,-30.80382468097864,0.6127304665883846,1.7373614531775396,0.2436031997203827,20.689834097157355,
43.183,5.3908,2018-10-19,3.0864e-05,2018-10-18,-18.161372388490044,18.161372388490044,,True,-31.830205284784967,0.5960243874777177,1.7628690710155626,0.2436031997203827,20.66663518159286,
42.07,9.839167,2018-05-29,3.075e-05,2018-05-29,-22.19239374426519,22.19239374426519,,True,-39.05099063982289,0.5937302373145417,1.7869932857329107,0.1570118864377339,22.28107080005464,
9.0765,78.3651,2021-06-03,2.67e-05,2021-06-01,-15.633473451834414,15.633473451834414,2.3170237566709155,True,-23.72942697833084,0.6579697644038628,1.6857304022123103,2.09325130701065,30.909878578186035,
-20.170933,148.8286,2020-03-22,2.6423e-05,2020-03-20,-16.056246423154004,16.056246423154004,,True,-27.39780810584222,0.5894122646176075,1.734423964754607,2.186726676093208,27.92642784118652,
40.24604,9.62345,2020-09-05,2.2e-05,2020-09-03,-11.720390470800458,11.720390470800458,,True,-17.828026551757567,0.5184746883818574,1.0250167317856065,0.1233977049589157,26.96631573873853,
44.283333,9.01,2018-05-20,2.19e-05,2018-05-17,-26.0739078268735,26.0739078268735,,True,-40.30728311547329,0.6629021733641126,1.565830323127247,0.1459055542945861,19.7239990234375,
42.696733,10.32925,2018-06-07,2.0988e-05,2018-06-04,-19.591539978677115,19.591539978677115,,True,-36.3201955892709,0.5617748694309685,1.877838580030632,0.1393420398235321,22.78499984741211,
-4.4964,39.7489,2020-01-13,2e-05,2020-01-14,-15.902778099703596,15.902778099703596,,True,-27.791703100799527,0.5750171303784589,1.7792716053936168,0.0903532075881957,29.72667999267578,
40.24604,9.62345,2020-09-06,1.8e-05,2020-09-03,-11.720390470800458,11.720390470800458,,True,-17.828026551757567,0.5184746883818574,1.0250167317856065,0.1233977049589157,26.96631573873853,
44.125833,9.617667,2018-06-14,1.7738e-05,2018-06-11,-20.70385030964833,20.70385030964833,1.363777395738856,True,-34.13306092784751,0.6330171221639842,1.6706608766308544,0.1221077367663383,23.32999992370605,
41.168333,9.63,2018-06-01,1.7663e-05,2018-05-29,-22.21277598420298,22.21277598420298,,True,-39.74319418201184,0.5822725223764648,1.815090407538624,0.1926410748408391,20.59093528160682,
44.048367,-129.019067,2019-12-08,1.6427e-05,2019-12-07,-27.230307347587782,27.230307347587782,,True,-39.84640360396439,0.6966422198328325,1.4868001396543633,0.3691937742938457,12.243479863019056,
44.064917,-129.019933,2019-12-08,1.6426e-05,2019-12-07,-26.44774932162593,26.44774932162593,,True,-39.7622481430632,0.6787170760984769,1.5256180442883962,0.3694207966327667,11.998749732971191,
43.899817,10.037167,2019-06-11,1.6075e-05,2019-06-11,-37.3059319677215,37.3059319677215,,True,-40.31558494758924,0.9526315742840762,1.119384401957359,0.4860606491565704,22.037221908569336,
44.277375,8.462589,2019-07-04,1.3228e-05,2019-07-04,-15.909371034293804,15.909371034293804,,True,-32.57390329479928,0.5160030089508107,2.0871198410608143,0.1226630732417106,26.467498779296875,
41.591,9.388333,2018-06-04,1.3188e-05,2018-06-04,-16.54760567542657,16.54760567542657,,True,-34.28649816955588,0.4962883197253073,2.105361708543857,0.2049911469221115,21.80676423802095,
-36.02685,23.358483,2017-05-10,9.596e-06,2017-05-09,-14.070775730486655,14.070775730486655,,True,-32.222366252662574,0.4541298381956212,2.357498168294125,0.3194454312324524,22.583749771118164,
43.3088,5.325,2018-10-16,8.565e-06,2018-10-13,-18.943779841284183,18.943779841284183,2.7525281822288776,True,-33.44087189797134,0.5909568351276715,1.790117566267288,0.1937990633504731,21.39820496695382,
43.3204,5.3147,2018-10-16,6.734e-06,2018-10-13,-18.90495976009259,18.90495976009259,2.7525281822288776,True,-33.543685709805274,0.5882864639096641,1.7997802880523202,0.2139860504439898,21.354147829328262,
44.2606,9.311833,2018-05-21,6.3e-06,2018-05-18,-20.940779830208303,20.940779830208303,2.9670721139090666,True,-31.523884297465308,0.6944196122456392,1.5368795039770875,0.1362107694149017,20.39996257298429,
43.684967,10.173767,2018-05-22,5.725e-06,2018-05-23,-28.04257263964405,28.04257263964405,,True,-38.1566787205488,0.7602415497907321,1.4034984823367114,0.527919042961938,19.749917929513117,
-36.254133,23.540033,2017-05-10,5.64e-06,2017-05-09,-15.107758718745316,15.107758718745316,,True,-33.35228194953909,0.4714605219947524,2.2602775852556274,0.1903461212741917,22.29395067280737,
17.95008,-76.83569,2017-11-02,0.0,2017-11-02,-18.14083831386956,18.14083831386956,2.463799176800273,True,-26.900325089980985,0.6928304612053385,1.5268789529878903,0.901674747467041,29.875,
42.881633,10.4759,2018-06-07,0.0,2018-06-04,-16.183682218240655,16.183682218240655,,True,-34.33806352588686,0.4905471391420419,2.152590706033365,0.1884910762310028,21.99499893188477,
47.907658,-9.041244,2020-11-24,0.0,2020-11-22,-19.52148057379385,19.52148057379385,,True,-27.33639832860533,0.717527392193238,1.438775322356719,0.3995944261550903,13.062000274658203,
47.885477,-9.013994,2020-11-24,0.0,2020-11-22,-19.8654367184569,19.8654367184569,,True,-27.88526554836409,0.7157640395832087,1.44083544336193,0.3995944261550903,13.062000274658203,
